Class,Precision,Recall,mAP50,mAP50-95,Jaccard,AUC
Degenerative Disc Disease (DDD),0.6967323246057446,0.5753424657534246,0.6687392536683139,0.4508340172585905,0.14690937045936103,0.5966595853783606
Normal IVD,0.8663118334981239,0.9057971014492754,0.8969124477473972,0.6338602517582219,0.14690937045936103,0.7733006392426682
Spinal Stenosis (SS),0.675306214063059,0.7384615384615385,0.6882270139396244,0.28522207219636964,0.14690937045936103,0.4235405430977386
Spondylolisthesis,0.6862035430891352,0.6470588235294118,0.6807331529333933,0.5111595508426601,0.14690937045936103,0.49142280524722504
Lumbar Disc Bulge (LDB),0.7950763381496927,0.895,0.8609777089437228,0.5980657689154322,0.14690937045936103,0.4156559405940594
Thoracic Disc Bulge (TDB),0.7695213306525398,0.7262509109693338,0.7350707356709416,0.5318509847166208,0.14690937045936103,0.4888324873096447
