Class,Precision,Recall,mAP50,mAP50-95,Jaccard,AUC
Degenerative Disc Disease (DDD),0.7230546768969166,0.6027397260273972,0.7425668272190895,0.513008551164111,0.1789104849051057,0.5725132359410792
Normal IVD,0.8597390225904769,0.9179546149817243,0.9252425005211958,0.6676215129924568,0.1789104849051057,0.750737101793113
Spinal Stenosis (SS),0.701261457563278,0.6620923091332384,0.6775576576444808,0.2908457507554103,0.1789104849051057,0.43713844840605404
Spondylolisthesis,0.954396554629096,0.5882352941176471,0.758035177446384,0.5751717625505173,0.1789104849051057,0.4942648592283629
Lumbar Disc Bulge (LDB),0.8135772085643992,0.88,0.8875474397885192,0.6291487209855577,0.1789104849051057,0.4101030927835052
Thoracic Disc Bulge (TDB),0.8036598467559989,0.712360169973038,0.7962932652278669,0.5176260350351101,0.1789104849051057,0.4895068205666317
